{"cameraMode":{"drawMode":0,"name":"Shaded","section":"Shading Mode"},"sceneLighting":true,"audioPlay":false,"sceneViewState":{"showFog":true,"showMaterialUpdate":false,"showSkybox":true,"showFlares":true,"showImageEffects":true,"showParticleSystems":true},"in2DMode":false,"pivot":{"x":-0.7403285503387451,"y":2.9842658042907717,"z":-0.26084327697753909},"rotation":{"x":-0.02193264476954937,"y":0.9583536982536316,"z":-0.07664882391691208,"w":-0.2742299437522888},"size":8.317895889282227,"orthographic":false}